{
    "$schema": "https://schema.management.azure.com/schemas/0.1.2-preview/CreateUIDefinition.MultiVm.json#",
    "handler": "Microsoft.Azure.CreateUIDef",
    "version": "0.1.2-preview",
    "parameters": {
        "config": {
            "basics": {
                "location": {
                    "label": "Region",
                    "toolTip": "Regions to deploy publisher resources",
                    "resourceTypes": ["Microsoft.DataShare/accounts"],
                    "allowedValues": [
                        "australiaeast",
                        "eastus",
                        "eastus2",
                        "northeurope",
                        "southcentralus",
                        "southeastasia",
                        "uksouth",
                        "westeurope",
                        "westus2"
                    ],
                    "visible": true
                }
            }
        },
        "basics": [],
        "steps": [{
            "name": "storageConfig",
            "label": "Storage settings",
            "subLabel": {
                "preValidation": "Configure the infrastructure settings",
                "postValidation": "Done"
            },
            "bladeTitle": "Storage settings",
            "elements": [
                {
                    "name": "moreInfo1",
                    "type": "Microsoft.Common.InfoBox",
                    "visible": true,
                    "options": {
                        "icon": "Info",
                        "text": "The Storage Account name prefix sets the first part of the name of the Azure resources to be created in the Managed Resource Group chosen in the previous step."
                    }
                },
                {
                    "count": 1,
                    "name": "storageAccounts",
                    "toolTip": "Storage account prefix",
                    "type": "Microsoft.Storage.MultiStorageAccountCombo",
                    "visible": true,
                    "label": {
                        "prefix": "Storage account name prefix",
                        "type": "Storage account type"
                    },
                    "defaultValue": {
                        "type": "Standard_LRS"
                    },
                    "constraints": {
                        "allowedTypes": [
                            "Premium_LRS",
                            "Standard_LRS",
                            "Standard_GRS"
                        ]
                    }
                },
                {
                    "name": "moreInfo2",
                    "type": "Microsoft.Common.InfoBox",
                    "visible": true,
                    "options": {
                        "icon": "Info",
                        "text": "The below 'System assigned managed identity' is needed to assign permissions to your new application, but is disabled for change."
                    }
                },
                {
                    "name": "appIdentity",
                    "toolTip": "App Identity",
                    "type": "Microsoft.ManagedIdentity.IdentitySelector",
                    "label": "Managed Identity Configuration",
                    "defaultValue": {
                        "systemAssignedIdentity": "OnOnly"
                    },
                    "options": {
                        "hideSystemAssignedIdentity": false,
                        "hideUserAssignedIdentity": true,
                        "readOnlySystemAssignedIdentity": true
                    },
                    "visible": true
                }
            ]
        }],
        "outputs": {
            "storageAccountNamePrefix": "[steps('storageConfig').storageAccounts.prefix]",
            "storageAccountType": "[steps('storageConfig').storageAccounts.type]",
            "managedIdentity": "[steps('storageConfig').appIdentity]",
            "location": "[location()]"
        }
    }
}